rank,filename,source_plan,pred_eta_mean,bemt_eta_mean_cal,exploit_score,explore_score,composite_score,min_dist_std_space,AR,lambda,aoaRoot (deg),aoaTip (deg),flexMod (GPA),twist_slope
1,Prop_033_MAT_01.csv,doe_test_plan_02.csv,1.0,0.3402552409591588,0.9522179291626837,0.8136986961993901,0.8968102359773662,4.6389533825095715,7.112627828114131,0.5450012962465937,19.504938369829883,7.077744423420494,2.36,-12.427193946409389
2,Prop_028_MAT_01.csv,doe_test_plan_02.csv,1.0,0.4125847156157103,0.965813889505318,0.7776942954810363,0.8905660518956053,4.433689766778388,6.376799961892761,0.891425220450579,17.330277574610058,4.719070879623222,2.36,-12.611206694986837
3,Prop_045_MAT_01.csv,doe_test_plan_02.csv,1.0,0.41165618840087836,0.9315984848915112,0.8289467361248579,0.89053778538485,4.725883528421416,6.706300181184713,0.9922894144024136,17.027341998166975,4.235556469939237,2.36,-12.791785528227738
4,Prop_043_MAT_01.csv,doe_test_plan_02.csv,1.0,0.3843943588347383,1.0,0.7241219429454696,0.8896487771781878,4.128270024600302,6.056135457630815,0.8230526725159566,18.86604645900247,7.384811498846098,2.36,-11.481234960156371
5,Prop_019_MAT_01.csv,doe_test_plan_01.csv,1.0,0.4108891124663434,0.9220383511929046,0.8136754309518847,0.8786931830964966,4.6388207457004995,6.912776433816358,0.9768997059342066,16.779531947468143,4.241508248756662,2.36,-12.53802369871148
6,Prop_029_MAT_01.csv,doe_test_plan_02.csv,1.0,0.34523122340052703,0.7926615124201382,1.0,0.8755969074520829,5.701070192415345,9.95080594797027,0.6195662041898861,18.39231390612732,3.6116879668791215,2.36,-14.7806259392482
