rank,filename,source_plan,min_dist_std_space,AR,lambda,aoaRoot (deg),aoaTip (deg),flexMod (GPA),twist_slope
1,Prop_029_MAT_01.csv,doe_test_plan_02.csv,5.701070192415345,9.95080594797027,0.6195662041898861,18.39231390612732,3.6116879668791215,2.36,-14.7806259392482
2,Prop_046_MAT_01.csv,doe_test_plan_02.csv,4.503790535962888,9.591794833935795,0.7541563029068703,12.286764835535852,7.832972880678397,2.36,-4.453791954857455
3,Prop_043_MAT_01.csv,doe_test_plan_02.csv,4.128270024600302,6.056135457630815,0.8230526725159566,18.86604645900247,7.384811498846098,2.36,-11.481234960156371
4,Prop_040_MAT_01.csv,doe_test_plan_02.csv,3.542139597637411,7.82457034966078,0.7665740420781519,11.29308802454155,3.5290577317841403,2.36,-7.764030292757409
5,Prop_030_MAT_01.csv,doe_test_plan_02.csv,2.791222597213605,8.488047382055758,0.5331474664217799,15.426461143425549,6.348996275441715,2.36,-9.077464867983833
6,Prop_019_MAT_01.csv,doe_test_plan_01.csv,2.6613908135885382,6.912776433816358,0.9768997059342066,16.779531947468143,4.241508248756662,2.36,-12.53802369871148
