rank,filename,source_plan,pred_eta_mean,bemt_eta_mean_cal,exploit_score,explore_score,composite_score,min_dist_std_space,AR,lambda,aoaRoot (deg),aoaTip (deg),logE_eff,process,material,orientation
1,Prop_033_PCF_01.csv,doe_test_plan_02.csv,0.5204638390203418,0.3317583647115796,0.966016535265194,0.7183150360117476,0.8928207422358005,3.211606399330226,7.112627828114131,0.5450012962465937,19.504938369829883,7.077744423420494,22.1654678300046,FDM,PCF,span_strong
2,Prop_043_PCF_01.csv,doe_test_plan_02.csv,0.5272623193830005,0.3781861748154961,1.0,0.6365797993070504,0.8926093306952334,2.846165894688913,6.056135457630815,0.8230526725159566,18.86604645900247,7.384811498846098,22.1654678300046,FDM,PCF,span_strong
3,Prop_033_PLA_01.csv,doe_test_plan_02.csv,0.4902928028979462,0.3317583647115796,0.8678419343975341,0.5620296484791963,0.7774744039086653,2.5128501077897307,7.112627828114131,0.5450012962465937,19.504938369829883,7.077744423420494,21.58192745598393,FDM,PLA,span_strong
4,Prop_043_PLA_01.csv,doe_test_plan_02.csv,0.4970912832606049,0.3781861748154961,0.90182539913234,0.45291795691371667,0.7691732499567369,2.0250087160529313,6.056135457630815,0.8230526725159566,18.86604645900247,7.384811498846098,21.58192745598393,FDM,PLA,span_strong
5,Prop_028_PCF_01.csv,doe_test_plan_02.csv,0.466211542070441,0.4078382520290496,0.808920404364084,0.6422102997692304,0.7596575684563047,2.8713400180320208,6.376799961892761,0.891425220450579,17.330277574610058,4.719070879623222,22.1654678300046,FDM,PCF,span_strong
6,Prop_045_PCF_01.csv,doe_test_plan_02.csv,0.43258489198545913,0.4068615790170561,0.6992519329326099,0.7319711223644148,0.7089204534097082,3.272663139230231,6.706300181184713,0.9922894144024136,17.027341998166975,4.235556469939237,22.1654678300046,FDM,PCF,span_strong
