rank,filename,source_plan,pred_eta_mean,bemt_eta_mean_cal,cfd_single_eta_cal,exploit_score,explore_score,composite_score,min_dist_std_space,AR,lambda,aoaRoot (deg),aoaTip (deg),logE_eff,process,material,orientation
1,Prop_033_PCF_01.csv,doe_test_plan_02.csv,0.5204638390203418,0.3317583647115796,0.5247731008636045,0.9676631307512917,0.7183150360117476,0.8928587023294285,3.211606399330226,7.112627828114131,0.5450012962465937,19.504938369829883,7.077744423420494,22.1654678300046,FDM,PCF,span_strong
2,Prop_043_PCF_01.csv,doe_test_plan_02.csv,0.5272623193830005,0.3781861748154961,0.5110745712722139,1.0,0.6365797993070504,0.890973939792115,2.846165894688913,6.056135457630815,0.8230526725159566,18.86604645900247,7.384811498846098,22.1654678300046,FDM,PCF,span_strong
3,Prop_033_PLA_01.csv,doe_test_plan_02.csv,0.4902928028979462,0.3317583647115796,0.5247731008636045,0.8908274903731646,0.5620296484791963,0.7921881378049741,2.5128501077897307,7.112627828114131,0.5450012962465937,19.504938369829883,7.077744423420494,21.58192745598393,FDM,PLA,span_strong
4,Prop_043_PLA_01.csv,doe_test_plan_02.csv,0.4970912832606049,0.3781861748154961,0.5110745712722139,0.9231643596218728,0.45291795691371667,0.7820904388094259,2.0250087160529313,6.056135457630815,0.8230526725159566,18.86604645900247,7.384811498846098,21.58192745598393,FDM,PLA,span_strong
5,Prop_028_PCF_01.csv,doe_test_plan_02.csv,0.466211542070441,0.4078382520290496,0.4262650497834781,0.7734099823504996,0.6422102997692304,0.7340500775761187,2.8713400180320208,6.376799961892761,0.891425220450579,17.330277574610058,4.719070879623222,22.1654678300046,FDM,PCF,span_strong
6,Prop_047_PCF_01.csv,doe_test_plan_02.csv,0.41737130685801355,0.3171435679168765,0.4956190351623316,0.6648800890146784,0.8069516892859707,0.7075015690960661,3.6079033283924957,9.094528476787096,0.6828928688569926,19.8312348425706,6.400600643759812,22.1654678300046,FDM,PCF,span_strong
