rank,filename,source_plan,pred_eta_mean,bemt_eta_mean_cal,exploit_score,explore_score,composite_score,min_dist_std_space,AR,lambda,aoaRoot (deg),aoaTip (deg),logE_eff,process,material,orientation
1,Prop_043_PCF_01.csv,doe_test_plan_02.csv,0.5272623193830005,0.3781861748154961,1.0,0.6365797993070504,0.8546319197228202,2.846165894688913,6.056135457630815,0.8230526725159566,18.86604645900247,7.384811498846098,22.1654678300046,FDM,PCF,span_strong
2,Prop_028_PCF_01.csv,doe_test_plan_02.csv,0.466211542070441,0.4078382520290496,0.8987505734824592,0.6422102997692304,0.7961344639971677,2.8713400180320208,6.376799961892761,0.891425220450579,17.330277574610058,4.719070879623222,22.1654678300046,FDM,PCF,span_strong
3,Prop_033_PCF_01.csv,doe_test_plan_02.csv,0.5204638390203418,0.3317583647115796,0.8283645065431416,0.7183150360117476,0.7843447183305841,3.211606399330226,7.112627828114131,0.5450012962465937,19.504938369829883,7.077744423420494,22.1654678300046,FDM,PCF,span_strong
4,Prop_045_PCF_01.csv,doe_test_plan_02.csv,0.43258489198545913,0.4068615790170561,0.7871673993981009,0.7319711223644148,0.7650888885846263,3.272663139230231,6.706300181184713,0.9922894144024136,17.027341998166975,4.235556469939237,22.1654678300046,FDM,PCF,span_strong
5,Prop_048_PCF_01.csv,doe_test_plan_02.csv,0.4353894891879363,0.4123551561886779,0.8139260038585026,0.6496886667646466,0.7482310690209601,2.904776003769379,6.586033009184614,0.623816509008934,13.269323135870144,3.827196973747198,22.1654678300046,FDM,PCF,span_strong
6,Prop_019_PCF_01.csv,doe_test_plan_01.csv,0.4227817650480487,0.40605472882297466,0.7529540690200771,0.7139361664279988,0.7373469079832458,3.192028352272932,6.912776433816358,0.9768997059342066,16.779531947468143,4.241508248756662,22.1654678300046,FDM,PCF,span_strong
