global_R2,avg_MAE,spearman_rho,n_props
0.8187516571568194,0.02512095633520576,0.9428571428571427,15
