global_r2,avg_mae,spearman_rho,n_props
0.8227259126928543,0.02453037717742086,0.9285714285714284,15
