global_R2,avg_MAE,spearman_rho,n_props
0.8432025763688256,0.027104636122937436,0.9720279720279721,12
