global_R2,avg_MAE,spearman_rho,n_props
0.8271166710500106,0.03006267512349309,0.9545454545454546,11
