global_r2,avg_mae,spearman_rho,n_props
0.8158257400838378,0.02542127996960952,0.9285714285714284,15
