mode,lambda_68,lambda_95
hover,0.8694965477684513,1.8402892328462563
cruise,1.6997859787410508,3.6873063881760624
