AR,lambda,aoaRoot (deg),aoaTip (deg),pred_eta,pred_LD,dual_score
6.8365902567214984,0.7668143604899187,11.577218930567307,3.574629237038663,0.29924125732882334,10.808016176007165,0.7666326514683831
