rank,AR,lambda,aoaRoot (deg),aoaTip (deg),eta_pred,LD_pred,DMS,stage
1,9.835520983636322,0.5211697253045879,19.756996027362554,7.895637198436208,0.4173899572497359,18.141660793305213,0.7917460730796838,coarse
