global_r2,avg_mae,spearman_rho,n_props
0.7056241416346225,0.030667607594471555,0.8214285714285712,15
